{
  "weights": {
    "literature": [
      0.18,
      0.12,
      0.14,
      0.15,
      0.1,
      0.08,
      0.07,
      0.16
    ],
    "survey_aip": [
      0.163974443722484,
      0.1560062138856197,
      0.15475774256664396,
      0.12183660371741109,
      0.08572866995694639,
      0.09019629957361057,
      0.07317980773898353,
      0.15432021883830074
    ],
    "survey_geom": [
      0.1629631082246056,
      0.16180464767989908,
      0.15227740315392935,
      0.11729013187877448,
      0.09218607379400988,
      0.08552330988603526,
      0.06747428233594838,
      0.160481043046798
    ],
    "mean_xi": 0.07280317878375081,
    "n": 30,
    "spearman_rho": 0.7619047619047619
  },
  "universal": {
    "literature weights": {
      "cc": [
        0.43829851140069437,
        0.6584026743276146,
        0.5614622733175018,
        0.2630218886516896,
        0.5759596788614842,
        0.5512143188069594
      ],
      "ranks": [
        5,
        1,
        3,
        6,
        2,
        4
      ]
    },
    "survey AIP weights": {
      "cc": [
        0.4689528084168708,
        0.6413662882274459,
        0.5553700837627761,
        0.24913669825546755,
        0.6007668785559115,
        0.5209909343335961
      ],
      "ranks": [
        5,
        1,
        3,
        6,
        2,
        4
      ]
    }
  },
  "segmented": {
    "BM1": {
      "cc": [
        0.4008589299183818,
        0.669735416385639,
        0.5685148182028156,
        0.20124267770724638,
        0.5656683625907523,
        0.5442568921593626
      ],
      "ranks": [
        5,
        1,
        2,
        6,
        3,
        4
      ]
    },
    "BM2": {
      "cc": [
        0.4716610925773366,
        0.5969122106712043,
        0.4595720810025614,
        0.2543367562573298,
        0.5808853617025084,
        0.5298430324418925
      ],
      "ranks": [
        4,
        1,
        5,
        6,
        2,
        3
      ]
    },
    "BM3": {
      "cc": [
        0.34461514686921085,
        0.5983584493079261,
        0.5852278124151525,
        0.3104672376588517,
        0.62038587184651,
        0.5999901764398861
      ],
      "ranks": [
        5,
        3,
        4,
        6,
        1,
        2
      ]
    }
  },
  "sensitivity": {
    "n_perturbations": 32,
    "n_stable": 23,
    "scenarios": [
      {
        "criterion": "C1 Value Alignment",
        "pct": 0.1,
        "rank_reversals": 2
      },
      {
        "criterion": "C1 Value Alignment",
        "pct": -0.1,
        "rank_reversals": 0
      },
      {
        "criterion": "C2 Measurability",
        "pct": 0.1,
        "rank_reversals": 0
      },
      {
        "criterion": "C2 Measurability",
        "pct": -0.1,
        "rank_reversals": 0
      },
      {
        "criterion": "C3 Actionability",
        "pct": 0.1,
        "rank_reversals": 0
      },
      {
        "criterion": "C3 Actionability",
        "pct": -0.1,
        "rank_reversals": 2
      },
      {
        "criterion": "C4 Predictive Power",
        "pct": 0.1,
        "rank_reversals": 0
      },
      {
        "criterion": "C4 Predictive Power",
        "pct": -0.1,
        "rank_reversals": 0
      },
      {
        "criterion": "C5 Team Alignment",
        "pct": 0.1,
        "rank_reversals": 0
      },
      {
        "criterion": "C5 Team Alignment",
        "pct": -0.1,
        "rank_reversals": 0
      },
      {
        "criterion": "C6 Gaming Resistance",
        "pct": 0.1,
        "rank_reversals": 0
      },
      {
        "criterion": "C6 Gaming Resistance",
        "pct": -0.1,
        "rank_reversals": 0
      },
      {
        "criterion": "C7 Experiment Sensitivity",
        "pct": 0.1,
        "rank_reversals": 0
      },
      {
        "criterion": "C7 Experiment Sensitivity",
        "pct": -0.1,
        "rank_reversals": 0
      },
      {
        "criterion": "C8 Strategic Fit",
        "pct": 0.1,
        "rank_reversals": 0
      },
      {
        "criterion": "C8 Strategic Fit",
        "pct": -0.1,
        "rank_reversals": 0
      },
      {
        "criterion": "C1 Value Alignment",
        "pct": 0.2,
        "rank_reversals": 3
      },
      {
        "criterion": "C1 Value Alignment",
        "pct": -0.2,
        "rank_reversals": 0
      },
      {
        "criterion": "C2 Measurability",
        "pct": 0.2,
        "rank_reversals": 0
      },
      {
        "criterion": "C2 Measurability",
        "pct": -0.2,
        "rank_reversals": 2
      },
      {
        "criterion": "C3 Actionability",
        "pct": 0.2,
        "rank_reversals": 0
      },
      {
        "criterion": "C3 Actionability",
        "pct": -0.2,
        "rank_reversals": 3
      },
      {
        "criterion": "C4 Predictive Power",
        "pct": 0.2,
        "rank_reversals": 3
      },
      {
        "criterion": "C4 Predictive Power",
        "pct": -0.2,
        "rank_reversals": 0
      },
      {
        "criterion": "C5 Team Alignment",
        "pct": 0.2,
        "rank_reversals": 0
      },
      {
        "criterion": "C5 Team Alignment",
        "pct": -0.2,
        "rank_reversals": 0
      },
      {
        "criterion": "C6 Gaming Resistance",
        "pct": 0.2,
        "rank_reversals": 2
      },
      {
        "criterion": "C6 Gaming Resistance",
        "pct": -0.2,
        "rank_reversals": 0
      },
      {
        "criterion": "C7 Experiment Sensitivity",
        "pct": 0.2,
        "rank_reversals": 0
      },
      {
        "criterion": "C7 Experiment Sensitivity",
        "pct": -0.2,
        "rank_reversals": 2
      },
      {
        "criterion": "C8 Strategic Fit",
        "pct": 0.2,
        "rank_reversals": 2
      },
      {
        "criterion": "C8 Strategic Fit",
        "pct": -0.2,
        "rank_reversals": 0
      }
    ]
  }
}